OBJECTID,Water_System_Name,Water_SystemID,Facility_Type,Source_Name,Principle_County_Served,Facility_ID,Population_Served,Water_System_Type,FIN,WATER,LakeID
1,CHAZY LAKE BEACH,NY0930189,IN,CHAZY LAKE,CLINTON,2632318,25,NP,C-3-P20,Chazy Lake,1002CHA0020
2,SARATOGA LAKE MOTEL,NY4514100,IN,SARATOGA LAKE INTAKE,SARATOGA,2633128,29,NC,H-299-P27,Saratoga Lake,1101SAR0027
3,CAMP EAGLE ISLAND,NY1613581,IN,UPPER SARANAC LAKE,FRANKLIN,2571010,125,NP,C-15-P110-6-P114,Upper Saranac Lake,1003USA0114
4,LAKE PLACID V,NY1500284,IN,LAKE PLACID INTAKE,ESSEX,2570948,5000,C,C-25-26-35-5-P254,Lake Placid,1004PLA0254
5,CHESTERFIELD WD,NY1500283,IN,BUTTERNUT POND INTAKE,ESSEX,2570947,2300,C,C-25-8-P218,Butternut Pond,1004BUT0218
6,ESSEX WD,NY1500278,IN,LAKE CHAMPLAIN INTAKE,ESSEX,2570945,350,C,C-P1,Lake Champlain,1000CHA0001
7,WILLSBORO WD,NY1500299,IN,LAKE CHAMPLAIN INTAKE,ESSEX,2570956,1571,C,C-P1,Lake Champlain,1000CHA0001
8,PORT KENT WD,NY1520370,IN,LAKE CHAMPLAIN,ESSEX,2628361,158,C,C-P1,Lake Champlain,1000CHA0001
9,TICONDEROGA WD,NY1500293,IN,LAKE GEORGE INTAKE,ESSEX,2570953,3700,C,C-101-P367,Lake George,1006GEO0367
10,NORTHERN LAKE GEORGE RESORT,NY5615223,IN,LAKE GEORGE,WARREN,2571962,50,NC,C-101-P367,Lake George,1006GEO0367
11,ARCADY BAY ESTATES,NY5618220,IN,"LAKE GEORGE-INTAKE 300'OUT,20'DEEP",WARREN,2571977,470,C,C-101-P367,Lake George,1006GEO0367
12,"LODGES AT BOLTON LANDING, THE",NY5615105,IN,LAKE GEORGE,WARREN,2571934,50,NC,C-101-P367,Lake George,1006GEO0367
13,TAKUNDEWIDE HOMEOWNERS,NY5612665,IN,SURFACE INTAKE- LAKE GEORGE,WARREN,2571924,104,NC,C-101-P367,Lake George,1006GEO0367
14,SHORE COLONY,NY5618359,IN,"LAKE GEORGE INTAKE (80' OUT, 30' DEEP)",WARREN,2571979,100,NC,C-101-P367,Lake George,1006GEO0367
15,BAY SHORE COURT,NY5615107,IN,LAKE GEORGE,WARREN,2571935,24,NP,C-101-P367,Lake George,1006GEO0367
16,COOL LEDGE COTTAGES,NY5615115,IN,LAKE GEORGE,WARREN,2571938,50,NC,C-101-P367,Lake George,1006GEO0367
17,SILVER BAY ASSOCIATION,NY5615221,IN,SURFACE INTAKE LAKE GEORGE,WARREN,2571961,1000,NTNC,C-101-P367,Lake George,1006GEO0367
18,HAGUE COMMUNITY HOMEOWNERS ASSOCIATION,NY5600105,IN,"LAKE GEORGE (INTAKE DEPTH 60') 6"""" MAIN",WARREN,2571907,20,NP,C-101-P367,Lake George,1006GEO0367
19,ROCK COVE ASSOCIATION,NY5615135,IN,LAKE GEORGE INTAKE- 80' OUT 12'DEEP 1'UP,WARREN,2571941,23,NP,C-101-P367,Lake George,1006GEO0367
20,LAKE GEORGE VILLAGE,NY5600106,IN,BEACH ROAD INTAKE,WARREN,2588876,1800,C,C-101-P367,Lake George,1006GEO0367
21,SANS SOUCI OF CLEVERDALE,NY5606467,IN,LAKE GEORGE,WARREN,2571917,40,NC,C-101-P367,Lake George,1006GEO0367
22,PORTERS COTTAGES,NY5615133,IN,"LAKE GEORGE, 20' OUT, 10' DEEP",WARREN,2571940,60,NC,C-101-P367,Lake George,1006GEO0367
23,CANOE ISLAND LODGE INC,NY5615110,IN,SURFACE WATER - LAKE GEORGE,WARREN,2594596,165,NC,C-101-P367,Lake George,1006GEO0367
24,BECKLEYS LAKESIDE LOG CABINS & MARINA,NY5630124,IN,SURFACE WATER INTAKE - LAKE GEORGE,WARREN,2625956,20,NP,C-101-P367,Lake George,1006GEO0367
25,CHAUTAUQUA WATER DISTRICT #2,NY0602924,IN,CHAUTAUQUA LAKE INTAKE,CHAUTAUQUA,2570847,490,C,PA-63-13-4-P122,Chautauqua Lake,0202CHA0122
26,CHAUTAUQUA UTILITY DISTRICT,NY0600381,IN,"CHAUTAUQUA LAKE 10"""" INTAKE AT 300'",CHAUTAUQUA,2570845,9000,C,PA-63-13-4-P122,Chautauqua Lake,0202CHA0122
27,BUFFALO WATER AUTHORITY,NY1400422,IN,LAKE ERIE INTAKE,ERIE,2570933,276000,C,E-P5000,Lake Erie,0100ERI5000
28,ECWA DIRECT,NY1400443,IN,LAKE ERIE INTAKE FOR STURGEON POINT,ERIE,2570934,248000,C,E-P5000,Lake Erie,0100ERI5000
29,BOURNES BEACH ASSOCIATION,NY0617697,IN,INTAKE,CHAUTAUQUA,2570858,100,NC,E-P5000,Lake Erie,0100ERI5000
30,DUNKIRK CITY,NY0600360,IN,LAKE ERIE INTAKE,CHAUTAUQUA,2570839,11848,C,E-P5000,Lake Erie,0100ERI5000
31,MONTICELLO VILLAGE,NY5203337,IN,KIAMESHA LAKE,SULLIVAN,2571513,8000,C,D-1-38-3-P44,Kiamesha Lake,1402KIA0044
32,KIAMESHA ARTESIAN SPRING WATER COMPANY,NY5203344,IN,KIAMESHA LAKE INTAKE,SULLIVAN,2571516,1200,C,D-1-38-3-P44,Kiamesha Lake,1402KIA0044
33,EMERALD GREEN LAKE LOUISE MARIE WC,NY5203346,IN,LAKE LOUISE MARIE INTAKE,SULLIVAN,2571517,2400,C,D-1-35-P40,Lake Louise Marie,1402LOU0040
34,TANAGER LODGE,NY0922982,IN,UPPER CHATEAUGAY LAKE,CLINTON,2570893,70,NP,SLC-21-P2,Upper Chateaugay Lake,0902UCH0002
35,EAGLE ISLAND HOMEOWNERS ASSOC,NY5830005,IN,SODUS BAY,WAYNE,2572013,200,NC,ONT-84-P96,Sodus Bay,0302SOD0096
36,NEW YORK CITY SYSTEM,NY7003493,IN,NEW CROTON RESERVOIR,NEW YORK ( BOROUGH),2624853,8271000,C,H-31-P44,New Croton Reservoir,1302NEW0044
37,TROY CITY PWS,NY4100050,IN,TOMHANNOCK RESERVOIR(PRECHLORNTED),RENSSELAER,2571383,49170,C,H-264-4-P1095,Tomhannock Reservoir,1102TOM1095
38,TROY CITY PWS,NY4100050,IN,MELROSE CHLORINATION STATION,RENSSELAER,2571384,49170,C,H-264-4-P1095,Tomhannock Reservoir,1102TOM1095
39,TROY CITY PWS,NY4100050,IN,INTAKES,RENSSELAER,2596696,49170,C,H-264-4-P1095,Tomhannock Reservoir,1102TOM1095
40,AVON VILLAGE,NY2501012,IN,CONESUS LAKE INTAKE,LIVINGSTON,2571220,3000,C,ONT-117-40-P67,Conesus Lake,0402CON0067
41,GENESEO VILLAGE,NY2501017,IN,CONESUS LAKE,LIVINGSTON,2571222,8000,C,ONT-117-40-P67,Conesus Lake,0402CON0067
42,ROCHESTER CITY,NY2704518,IN,CANADICE LAKE INTAKE,MONROE,2600309,214000,C,ONT-117-27-34-11-P43,Canadice Lake,0402CAN0043
43,ROCHESTER CITY,NY2704518,IN,HEMLOCK LAKE INTAKE,MONROE,2571238,214000,C,ONT-117-27-34-P44,Hemlock Lake,0402HEM0044
44,SUEZ WATER NEW YORK,NY4303673,IN,LAKE DEFOREST-IN,ROCKLAND,2571391,270000,C,NJ-1-12-P977A,DeForest Lake,1501DEF0977A
45,MONROE VILLAGE,NY3503535,IN,MOMBASHA LAKE,ORANGE,2571313,9516,C,NJ-12-17-P1008-3-P1010,Mombasha Lake,1501MOM1010
46,ALBANY CITY,NY0100189,IN,BASIC CREEK RESERVOIR,ALBANY,2570793,101082,C,H-193-29-P950A,Basic Creek Reservoir,1309BAS0950A
47,NEW YORK CITY SYSTEM,NY7003493,IN,RONDOUT RESERVOIR (50048 MG),NEW YORK ( BOROUGH),2572066,8271000,C,H-139-14-P815A,Rondout Reservoir,1306RON0815A
48,MIDDLETOWN CITY,NY3503534,IN,SHAWANGUNK RESERVOIR,ORANGE,2571312,30000,C,H-139-13-19-28-P491,Shawangunk Lake,1306SHA0491
49,ALBANY CITY,NY0100189,IN,ALCOVE RESERVOIR,ALBANY,2570792,101082,C,H-212-PN185,Alcove Reservoir,1301ALC0185
50,LAKE STAHAHE WS,NY3517675,IN,LAKE STAHAHE,ORANGE,2571340,1000,NC,NJ-12-18-P1011,Lake Stahahe,1501STA1011
51,TUXEDO PARK VILLAGE,NY3503557,IN,TUXEDO LAKE,ORANGE,2571318,1100,C,NJ-12-15-P1007,Tuxedo Lake,1501TUX1007
52,WESTCHESTER COUNTY WD #2,NY5903489,IN,"AMAWALK RESERVOIR, NYC CROTON SYSTEM",WESTCHESTER,2572025,0,C,H-31-P44-14-P50,Amawalk Reservoir,1302AMA0050
53,SLEEPY HOLLOW LAKE WATER CO.,NY1915264,IN,SLEEPY HOLLOW LAKE,GREENE,2571066,2000,C,H-202-P6666,Sleepy Hollow Lake,1301SLE6666
54,CARMEL WD 8,NY3903644,IN,LAKE MAHOPAC,PUTNAM,2571369,1600,C,H-31-P44-14-P53,Lake Mahopac,1302MAH0053
55,KINGSTON (CITY) WATER DISTRICT,NY5503374,IN,COOPER LAKE RESERVOIR/MINK HOLLOW,ULSTER,2576463,24000,C,H-171-17-21-P839,Cooper Lake,1307COO0839
56,WATERVLIET CITY,NY0110127,IN,WATERVLIET RESERVOIR,ALBANY,2570804,9889,C,H-221-4-PN270,Watervliet Reservoir,1311WAT0270
57,CANAJOHARIE (V) WATER WORKS,NY2800137,IN,LOST LAKE - E,MONTGOMERY,2571252,2300,C,H-240-P5293,Unnamed Water,1201UWB5293
58,ATHENS VILLAGE,NY1900024,IN,HOLLISTER LAKE RESERVOIR,GREENE,2571045,1700,C,H-193-1-P913,Hollister Lake,1309HOL0913
59,ASHOKAN HEADWORKS,NY5530001,IN,ASHOKAN RESEVOIR,ULSTER,2612200,97,NTNC,H-171-P848,Ashokan Reservoir,1307ASH0848
60,NEW YORK CITY SYSTEM,NY7003493,IN,ASHOKAN RESERVOIR (127858 MG),NEW YORK ( BOROUGH),2572069,8271000,C,H-171-P848,Ashokan Reservoir,1307ASH0848
61,LATHAM WATER DISTRICT,NY0100198,IN,STONY CREEK RESERVOIR,ALBANY,2570798,78500,C,H-240-14-P503A,Stony Reservoir,1201STO0503A
62,MVWA - MOHAWK VALLEY WATER AUTHORITY,NY3202411,IN,SOURCE - HINCKLEY INTAKE TOWER STRUCTURE,ONEIDA,2582331,126250,C,H-240-180-P799,Hinckley Reservoir,1203HIN0799
63,FORT PLAIN (V) WATER WORKS,NY2800139,IN,NORTH CREEK RESERVOIR,MONTGOMERY,2571256,2250,C,H-240-127-13-P681A,Fort Plain Reservoir,1201FOR0681A
64,LITTLE FALLS CITY,NY2102308,IN,KLONDIKE IMPOUNDING RESERVOIR,HERKIMER,2571108,4946,C,H-240-144-9-15-P708,Klondike Reservoir,1201KLO0708
65,SUNY ESF RANGER SCHOOL,NY4411830,IN,SURFACE IMPOUNDMENT,ST LAWRENCE,2623888,100,NTNC,SL-25-P309,Cranberry Lake,0905CRA0309
66,BLUE MT LAKE WD,NY2000135,IN,BLUE MT LAKE INTAKE,HAMILTON,2571072,400,C,SL-1-P293-4-P307,Blue Mountain Lake,0903BLU0307
67,MOUNT MORRIS VILLAGE,NY2501023,IN,SILVER LAKE INTAKE,LIVINGSTON,2571224,3500,C,ONT-117-70-P115,Silver Lake,0403SIL0115
68,PERRY VILLAGE,NY6000613,IN,SILVER LAKE INTAKE #1,WYOMING,2572029,3673,C,ONT-117-70-P115,Silver Lake,0403SIL0115
69,MORIAH WD,NY1500287,IN,BARTLETT POND INTAKE (PRIMARY),ESSEX,2570950,3100,C,C-86-3-P338,Bartlett Pond,1005BAR0338
70,GLOVERSVILLE (C) WATER WORKS,NY1700018,IN,CONTROL POND,FULTON,2594144,17991,C,H-369-P127-33-1-P150A,Gloversville Reservoir,1104GLO0150A
71,GLOVERSVILLE (C) WATER WORKS,NY1700018,IN,LAKE EDWARD - E,FULTON,2571019,17991,C,H-240-127-25-P686-4-P689,Vandenburg Pond,1201VAN0689
72,AMSTERDAM (C),NY2800136,IN,STEELE RESERVOIR,MONTGOMERY,2613137,20700,C,H-369-P127-21-3-P135,Steele Reservoir,1104STE0135
73,AMSTERDAM (C),NY2800136,IN,IRELAND VLY,MONTGOMERY,2571243,20700,C,H-369-P127-21-P136A,Ireland Vly,1104IRE0136A
74,ST WILLIAMS ON LONG POINT INC,NY2030028,IN,RAQUETTE LAKE,HAMILTON,2571092,24,NP,SL-1-P293,Raquette Lake,0903RAQ0293
75,CAMP HUNTINGTON - CORTLAND,NY2011007,IN,RAQUETTE LAKE INTAKE,HAMILTON,2571079,80,NC,SL-1-P293,Raquette Lake,0903RAQ0293
76,AUBURN,NY0501710,IN,OWASCO LAKE INTAKE - 30 FEET DEEP,CAYUGA,2570822,27179,C,ONT-66-12-43-P212,Owasco Lake,0706OWA0212
77,OWASCO WATER DISTRICT,NY0501721,IN,OWASCO LAKE INTAKE - 45 FEET DEEP,CAYUGA,2570825,3000,C,ONT-66-12-43-P212,Owasco Lake,0706OWA0212
78,WELLS COLLEGE,NY0512920,IN,"CAYUGA LAKE - 8"" INTAKE, 18-28 FT. DEEP",CAYUGA,2570832,400,C,ONT-66-12-P296,Cayuga Lake,0705CAY0296
79,SENECA FALLS,NY4901198,IN,CAYUGA LAKE INTAKE,SENECA,2571468,9400,C,ONT-66-12-P296,Cayuga Lake,0705CAY0296
80,"MACKENZIE-CHILDS, LTD",NY0530002,IN,"CAYUGA LAKE - 88 FT. LONG, ~ 20 FT. DEEP",CAYUGA,2570834,290,NTNC,ONT-66-12-P296,Cayuga Lake,0705CAY0296
81,SCLIWC,NY5404423,IN,CAYUGA LAKE INTAKE,TOMPKINS,2571554,0,C,ONT-66-12-P296,Cayuga Lake,0705CAY0296
82,CAMP CASPAR GREGORY CORP,NY0508759,IN,"CAYUGA LAKE - 45 FT. LONG, ~10 FEET DEEP",CAYUGA,2570830,75,NC,ONT-66-12-P296,Cayuga Lake,0705CAY0296
83,LIBERTY VILLAGE,NY5203329,IN,LILY POND INTAKE,SULLIVAN,2575487,3900,C,D-70-20-25-9-9-P311,Lily Pond,1403LIL0311
84,LOWVILLE VILLAGE,NY2402365,IN,LOWVILLE WATERSHED (RESERVOIR),LEWIS,2571216,4000,C,ONT-19-45-10-P594,Lowville Reservoir,0801LOW0594
85,HORNELL CITY,NY5001215,IN,RESERVOIR #1,STEUBEN,2571488,8590,C,PA-3-57-5-49-P34,Hornell Rs No 1,0503HOR0034
86,BRISTOL HARBOUR WATER CORP,NY3400784,IN,CANANDAIGUA LAKE,ONTARIO,2571289,835,C,ONT-66-12-52-P286,Canandaigua Lake,0704CAN0286
87,CANANDAIGUA CITY,NY3401150,IN,CANANDAIGUA LAKE,ONTARIO,2571290,11264,C,ONT-66-12-52-P286,Canandaigua Lake,0704CAN0286
88,RUSHVILLE VILLAGE,NY3401164,IN,CANANDAIGUA LAKE,ONTARIO,2571292,2341,C,ONT-66-12-52-P286,Canandaigua Lake,0704CAN0286
89,GORHAM TOWN WD,NY3401170,IN,CANANDAIGUA LAKE,ONTARIO,2571293,3420,C,ONT-66-12-52-P286,Canandaigua Lake,0704CAN0286
90,NEWARK VILLAGE,NY5801232,IN,CANANDAIGUA LAKE,WAYNE,2572007,9142,C,ONT-66-12-52-P286,Canandaigua Lake,0704CAN0286
91,PALMYRA VILLAGE,NY5801235,IN,CANANDAIGUA LAKE INTAKE,WAYNE,2572009,3580,C,ONT-66-12-52-P286,Canandaigua Lake,0704CAN0286
92,SMITH BOYS JANSEN MARINA,NY3430026,IN,CANANDAIGUA LAKE,ONTARIO,2604259,25,NC,ONT-66-12-52-P286,Canandaigua Lake,0704CAN0286
93,COOPERSTOWN VILLAGE,NY3800145,IN,OTSEGO LAKE,OTSEGO,2571350,2400,C,SR-P404,Otsego Lake,0601OTS0404
94,"LAKE N PINES MOTEL, INC.",NY3807993,IN,LAKE INTAKE,OTSEGO,2585586,58,NC,SR-P404,Otsego Lake,0601OTS0404
95,BLUE MINGO GRILL,NY3821952,IN,INFILTRATION GALLERY,OTSEGO,2574018,40,NC,SR-P404,Otsego Lake,0601OTS0404
96,OTSEGO LAKE BAYSIDE MOTOR INN,NY3807994,IN,INTAKE,OTSEGO,2581643,84,NC,SR-P404,Otsego Lake,0601OTS0404
97,THREE MILE POINT,NY3813664,IN,OTSEGO LAKE,OTSEGO,2571364,150,NC,SR-P404,Otsego Lake,0601OTS0404
98,SPRINGFIELD PUBLIC LANDING,NY3830149,IN,SURFACE WATER INTAKE,OTSEGO,2634804,15,NP,SR-P404,Otsego Lake,0601OTS0404
99,HAMMONDSPORT VILLAGE,NY5001223,IN,INTAKE IN KEUKA LAKE,STEUBEN,2571489,731,C,ONT-66-12-P369-115-P388,Keuka Lake,0705KEU0388
100,SWITZERLAND INN,NY5006021,IN,KEUKA LAKE INTAKE,STEUBEN,2571493,26,NC,ONT-66-12-P369-115-P388,Keuka Lake,0705KEU0388
101,PENN YAN VILLAGE,NY6101263,IN,KEUKA LAKE,YATES,2572032,5248,C,ONT-66-12-P369-115-P388,Keuka Lake,0705KEU0388
102,BLUFFERS (THE),NY5000663,IN,INTAKE,STEUBEN,2571483,25,NC,ONT-66-12-P369-115-P388,Keuka Lake,0705KEU0388
103,OLNEY PLACE,NY6120748,IN,KEUKA LAKE,YATES,2572051,50,NC,ONT-66-12-P369-115-P388,Keuka Lake,0705KEU0388
104,CROOKED LAKE COURT,NY5010194,IN,INTAKE - LOWER MHP,STEUBEN,2571503,150,NC,ONT-66-12-P369-115-P388,Keuka Lake,0705KEU0388
105,SHORE ACRES ASSOCIATION,NY5030089,IN,INTAKE - KEUKA LAKE,STEUBEN,2621795,51,NC,ONT-66-12-P369-115-P388,Keuka Lake,0705KEU0388
106,GENEVA CITY,NY3401156,IN,SENECA LAKE,ONTARIO,2571291,13334,C,ONT-66-12-P369,Seneca Lake,0705SEN0369
107,WATKINS GLEN VILLAGE,NY4801188,IN,SENECA LAKE INTAKE,SCHUYLER,2571464,2149,C,ONT-66-12-P369,Seneca Lake,0705SEN0369
108,OVID VILLAGE,NY4901195,IN,SENECA LAKE INTAKE,SENECA,2571467,990,C,ONT-66-12-P369,Seneca Lake,0705SEN0369
109,WATERLOO VILLAGE,NY4901199,IN,SENECA LAKE INTAKE,SENECA,2571469,7000,C,ONT-66-12-P369,Seneca Lake,0705SEN0369
110,WILLARD DRUG TREATMENT CENTER,NY4910589,IN,SENECA LAKE,SENECA,2571470,1200,C,ONT-66-12-P369,Seneca Lake,0705SEN0369
111,CLIFFSIDE ON SENECA,NY6112885,IN,SENECA LAKE,YATES,2572035,24,NC,ONT-66-12-P369,Seneca Lake,0705SEN0369
112,CAMP SENECA LAKE,NY6112874,IN,SENECA LAKE,YATES,2572034,280,NC,ONT-66-12-P369,Seneca Lake,0705SEN0369
113,SYRACUSE CITY,NY3304334,IN,"SKANEATELES LAKE INTAKE # 1 (54"""")",ONONDAGA,2571281,192000,C,ONT-66-12-29-P193,Skaneateles Lake,0707SKA0193
114,SYRACUSE CITY,NY3304334,IN,"SKANEATELES LAKE INTAKE # 2 (60"""")",ONONDAGA,2600208,192000,C,ONT-66-12-29-P193,Skaneateles Lake,0707SKA0193
115,PERU WD,NY0900216,IN,FURNACE BROOK RESERVOIR SURFACE,CLINTON,2570869,2700,C,C-23-10-P212,Unnamed Water,1004UWB0212
116,BOLTON WATER DISTRICT,NY5600101,IN,EDGECOMB POND (143 MG CAPACITY),WARREN,2571900,1800,C,C-101-P367-56-P381,Edgecomb Pond,1006EDG0381
117,OCWA,NY3304336,IN,OTISCO LAKE INTAKE,ONONDAGA,2571283,300000,C,ONT-66-12-12-P154-6-P175,Otisco Lake,0702OTI0175
118,NORWICH CITY,NY0801745,IN,UPPER/LOWER RESERVOIRS/RANSFORD CREEK,CHENANGO,2600249,8000,C,SR-44-56-P108,Unnamed Water,0602UWB0108
119,NEW YORK CITY SYSTEM,NY7003493,IN,KENSICO RESERVOIR (30573 MG) CATLEFF,NEW YORK ( BOROUGH),2572065,8271000,C,ER-3-P1063,Kensico Reservoir,1702KEN1063
120,WESTCHESTER COUNTY WD #1,NY5903488,IN,KENSICO RESERVOIR,WESTCHESTER,2599700,0,C,ER-3-P1063,Kensico Reservoir,1702KEN1063
121,NEW YORK CITY SYSTEM,NY7003493,IN,KENSICO RESERVOIR DEL18,NEW YORK ( BOROUGH),2624827,8271000,C,ER-3-P1063,Kensico Reservoir,1702KEN1063
122,FREDONIA VILLAGE,NY0600364,IN,FREDONIA RESERVOIR,CHAUTAUQUA,2570842,10400,C,E-37-7-P160,Fredonia Reservoir,0105FRE0160
123,ELMIRA WATER BOARD,NY0701008,IN,HOFFMAN RESERVOIR INTAKE,CHEMUNG,2570860,54000,C,PA-3-29-P19,Elmira Reservoir,0501ELM0019
124,WESTFIELD VILLAGE AND TOWN,NY0615782,IN,MINTON RESERVOIR,CHAUTAUQUA,2570854,3890,C,E-68-2-P165A,Minton Reservoir,0105MIN0165A
125,BALD MT COLONY,NY2101609,IN,THIRD LAKE,HERKIMER,2571093,80,NC,ONT-19-81-18-P782,Unnamed Water,0801UWB0782
126,WESTCHESTER JOINT WATER WORKS,NY5903435,IN,"NYC KENSICO RES., RYE LAKE INTAKE",WESTCHESTER,2572016,59629,C,ER-3-P1063,Kensico Reservoir,1702KEN1063
127,WOODRIDGE VILLAGE,NY5203348,IN,EAST POND INTAKE,SULLIVAN,2571518,902,C,D-1-48-P55,East Pond,1402EAS0055
128,RAP SHAW CLUB,NY2130052,IN,STILLWATER RESERVOIR,HERKIMER,2625896,25,NC,ONT-19-40-P493,Stillwater Reservoir,0801STI0493
129,RIPLEY WATER DISTRICT,NY0600372,IN,BELSON CREEK,CHAUTAUQUA,2570843,1300,C,E-P166M,Unnamed Water,0105UWB0166M
130,MECHANICVILLE CITY,NY4500166,IN,MECHANICVILLE RESERVOIR (65 MG CAPACITY),SARATOGA,2571436,5200,C,H-260-2-P1083,Mechanicville Reservoir,1101MEC1083
131,PORT JERVIS CITY,NY3503554,IN,"RESERVOIRS #1, #2, #3, BOEHMLER POND",ORANGE,2571317,9000,C,D-1-2-A-P3,Reservoir No.1,1402RE10003
132,SARATOGA SPRINGS CITY,NY4500168,IN,LOUGHBERRY LAKE,SARATOGA,2571438,26525,C,H-299-P27-13-1-P30-2-P35,Loughberry Lake,1101LOU0035
133,STAMFORD VILLAGE,NY1200272,IN,TAYLOR RESERVOIR,DELAWARE,2570911,1280,C,D-71-P453-2-P461-1-P462,Stamford Reservoir,1404STA0462
134,FORT EDWARD VILLAGE,NY5700119,IN,NEW RESERVOIR (BACKUP SOURCE),WASHINGTON,2571993,3300,C,H-320-3-P99C,New Reservoir,1101NEW0099C
135,SACKETS HARBOR VILLAGE,NY2202343,IN,LAKE ONTARIO,JEFFERSON,2571136,2200,C,ONT,Lake Ontario,0300ONT0000
136,ONTARIO SHORES T/P & MARINA,NY2208212,IN,LAKE ONTARIO-SURFACE INTAKE,JEFFERSON,2571148,39,NC,ONT,Lake Ontario,0300ONT0000
137,WILLOWS ON THE LAKE,NY2213144,IN,LAKE ONTARIO-SHORE WELL,JEFFERSON,2571189,90,NC,ONT,Lake Ontario,0300ONT0000
138,SHANGRI-LA CAMPGROUND,NY2213150,IN,LAKE ONTARIO-SURFACE INTAKE,JEFFERSON,2571194,150,NC,ONT,Lake Ontario,0300ONT0000
139,"HENDERSON TOWN WD 1,2",NY2230027,IN,SURFACE INTAKE-LAKE ONTARIO,JEFFERSON,2599043,700,C,ONT,Lake Ontario,0300ONT0000
140,GLENS FALLS CITY,NY5600104,IN,KEENAN RESERVOIR,WARREN,2571905,14000,C,H-343-P114,Keenan Reservoir,1101KEE0114
141,PLATTSBURGH CITY,NY0900217,IN,MEAD RESERVOIR,CLINTON,2570871,24173,C,C-15-5-P5064,Mead Reservoir,1003MEA5064
142,GLENS FALLS CITY,NY5600104,IN,HALFWAY BROOK RESERVOIR,WARREN,2571903,14000,C,C-134-4-19-P5349,Unnamed Water,1005UWB5349
143,PLATTSBURGH CITY,NY0900217,IN,SARANAC RIVER,CLINTON,2570872,24173,C,C-15-5-3-P27,Patterson Reservoir,1003PAT0027
144,PLATTSBURGH CITY,NY0900217,IN,PATTERSON RESERVOIR,CLINTON,2570873,24173,C,C-15-5-3-P27,Patterson Reservoir,1003PAT0027
145,CARTHAGE VILLAGE,NY2202334,IN,BELFORT RESERVOIR,JEFFERSON,2593253,3600,C,SL-25-7-P1-3-P50,Carthage Reservoir,0906CAR0050
146,DELANSON VILLAGE WATER WORKS,NY4600064,IN,DELANSON RESERVOIR,SCHENECTADY,2571448,428,C,H-221-4-35-PN292,Delanson Reservoir,1311DEL0292
147,HIGHLAND FALLS VILLAGE,NY3503532,IN,HIGHLAND BROOK,ORANGE,2571308,5400,C,H-71-P200,Bog Meadow Pond,1301BOG0200
148,COXSACKIE VILLAGE,NY1900027,IN,CLIMAX RESERVOIR,GREENE,2571050,4010,C,H-208-4-PN152B,Coxsackie Reservoir,1301COX0152B
149,SUNNY HILL RESORT,NY1904281,IN,SURFACE SOURCE,GREENE,2576526,275,NC,H-P6509,Unnamed Water,1309UWB6509
150,CATSKILL VILLAGE,NY1900026,IN,POTIC RESERVOIR,GREENE,2571048,8000,C,H-193-9-2-P925A,Potic Reservoir,1309POT0925A
151,ADIRONDACK CORRECTIONAL FACILITY,NY1510497,IN,RAY BROOK IMPOUNDMENT - EMERGENCY USE,ESSEX,2570969,2400,C,C-15-60-P91,Ray Brook Pond,1003RAY0091
152,U.S.M.A. - LUSK SYSTEM,NY3511887,IN,"LUSK RES, FROM QUEENSBORO,STILWELL,MINE",ORANGE,2575868,8000,C,H-P204,Lusk Reservoir,1301LUS0204
153,OSSINING WATER DEPARTMENT,NY5903451,IN,INDIAN BROOK RESERVOIR,WESTCHESTER,2572018,30000,C,H-31-2-P42B,Indian Brook Reservoir,1302IND0042B
154,BLUE LAKE,NY3512132,IN,BLUE LAKE,ORANGE,2571332,1850,C,NJ-13-2-P1021C,Sterling Forest Lake,1501STE1021C
155,STERLING LAKE,NY3512133,IN,STERLING LAKE,ORANGE,2571333,225,C,NJ-13-P1025,Sterling Lake,1501STE1025
156,COLD SPRING VILLAGE,NY3903652,IN,FOUNDRY BROOK RESERVOIR,PUTNAM,2571372,2666,C,H-83-P215B,Unnamed Water,1301UWB0215B
157,GREAT MEADOW/WASHINGTON CORR. FACILITIES,NY5704191,IN,DOLPH POND - 210 MG/160 MG USEABLE,WASHINGTON,2571999,3802,C,C-134-4-14-P424,Dolph Pond,1005DOL0424
158,GLENS FALLS CITY,NY5600104,IN,BUTLER RESERVOIR,WARREN,2588863,14000,C,C-134-4-19-19-P452,Butler Pond,1005BUT0452
159,MECHANICVILLE CITY,NY4500166,IN,TERMINAL RESERVOIR (2.5 MG CAPACITY),SARATOGA,2571435,5200,C,H-260-2-P1081,Unnamed Water,1101UWB1081
160,GLENS FALLS CITY,NY5600104,IN,WILKIE RESERVOIR,WARREN,2571904,14000,C,C-134-4-19-P455A,Wilkie Reservoir,1005WIL0455A
161,WARSAW VILLAGE,NY6000618,IN,RAW WATER RESERVOIR,WYOMING,2622940,3850,C,ONT-117-P30,Unnamed Water,0402UWB0030
162,OSWEGO CITY,NY3704361,IN,"L. ONTARIO, D=7',L=6500'",OSWEGO,2571349,29400,C,ONT,Lake Ontario,0300ONT0000
163,ONTARIO TOWN BENEFIT AREA #1,NY5801233,IN,LAKE ONTARIO - 1 MILE OUT 50' DEEP,WAYNE,2572008,10136,C,ONT,Lake Ontario,0300ONT0000
164,SODUS VILLAGE,NY5801241,IN,LAKE ONTARIO,WAYNE,2572010,1819,C,ONT,Lake Ontario,0300ONT0000
165,WOLCOTT VILLAGE,NY5801245,IN,LAKE ONTARIO,WAYNE,2572011,2200,C,ONT,Lake Ontario,0300ONT0000
166,WILLIAMSON TOWN WD,NY5801258,IN,LAKE ONTARIO INTAKE,WAYNE,2572012,6600,C,ONT,Lake Ontario,0300ONT0000
167,OCWA,NY3304336,IN,LAKE ONTARIO INTAKE,ONONDAGA,2632883,300000,C,ONT,Lake Ontario,0300ONT0000
168,ALEXANDRIA BAY VILLAGE,NY2202329,IN,ST LAWRENCE RIVER,JEFFERSON,2571132,1900,C,ONT,Lake Ontario,0300ONT0000
169,CAPE VINCENT VILLAGE,NY2202333,IN,ST LAWRENCE RIVER,JEFFERSON,2571133,1500,C,ONT,Lake Ontario,0300ONT0000
170,CLAYTON VILLAGE,NY2202335,IN,ST LAWRENCE RIVER,JEFFERSON,2571135,2100,C,ONT,Lake Ontario,0300ONT0000
171,THOUSAND ISLAND PARK CORP.,NY2218318,IN,ST LAWRENCE RIVER,JEFFERSON,2571203,900,NC,ONT,Lake Ontario,0300ONT0000
172,WELLESLEY ISLAND WATER CORP.,NY2220914,IN,ST LAWRENCE RIVER,JEFFERSON,2571210,548,C,ONT,Lake Ontario,0300ONT0000
173,MCWA,NY2701047,IN,SHOREMONT INTAKE,MONROE,2571237,496753,C,ONT,Lake Ontario,0300ONT0000
174,MORRISTOWN WATER DISTRICT,NY4404391,IN,SURFACE-ST LAWRENCE RIVER,ST LAWRENCE,2571413,395,C,ONT,Lake Ontario,0300ONT0000
175,OGDENSBURG CITY,NY4404394,IN,SURFACE-ST. LAWRENCE RIVER,ST LAWRENCE,2571414,11128,C,ONT,Lake Ontario,0300ONT0000
176,ROOSEVELT TRAILER PARK/COT.,NY2208814,IN,ST. LAWRENCE RIVER-SURFACE INTAKE,JEFFERSON,2571158,132,NC,ONT,Lake Ontario,0300ONT0000
177,ALBION VILLAGE,NY3600596,IN,LAKE ONTARIO INTAKE,ORLEANS,2575442,6000,C,ONT,Lake Ontario,0300ONT0000
178,LYNDONVILLE VILLAGE,NY3600599,IN,LAKE ONTARIO INTAKE,ORLEANS,2575450,1418,C,ONT,Lake Ontario,0300ONT0000
179,LANZS MOTEL INC.,NY2208203,IN,ST. LAWRENCE RIVER-SURFACE INTAKE,JEFFERSON,2571144,148,NC,ONT,Lake Ontario,0300ONT0000
180,KRINGS TRAILER PARK,NY2208618,IN,ST. LAWRENCE RIVER-SURFACE INTAKE,JEFFERSON,2571151,300,NC,ONT,Lake Ontario,0300ONT0000
181,TIBA -U.S. CUSTOMS,NY2230004,IN,ST. LAWRENCE RIVER-SURFACE INTAKE,JEFFERSON,2571212,25,NTNC,ONT,Lake Ontario,0300ONT0000
182,DOCKSIDE COTTAGES,NY2202072,IN,ST. LAWRENCE RIVER-SURFACE INTAKE,JEFFERSON,2571123,24,NP,ONT,Lake Ontario,0300ONT0000
183,CANOE-PICNIC POINT STATE PARK,NY2211789,IN,ST. LAWRENCE RIVER-SURFACE INTAKE,JEFFERSON,2571173,175,NC,ONT,Lake Ontario,0300ONT0000
184,RED-ROCHESTER IWS,NY2730003,IN,"54"""" KODAK CRIB LAKE STATION INTAKE",MONROE,2576006,2185,NTNC,ONT,Lake Ontario,0300ONT0000
185,NEW YORK POWER AUTHORITY,NY4421262,IN,SURFACE-ST LAWRENCE RIVER,ST LAWRENCE,2571430,200,NTNC,ONT,Lake Ontario,0300ONT0000
186,REYNOLDS METALS COMPANY-ALCOA EAST,NY4425001,IN,ST. LAWRENCE RIVER,ST LAWRENCE,2571433,50,NTNC,ONT,Lake Ontario,0300ONT0000
187,TIBA - BOLDT CASTLE,NY2209487,IN,ST. LAWRENCE RIVER-SURFACE INTAKE,JEFFERSON,2571172,1000,NC,ONT,Lake Ontario,0300ONT0000
188,SINGER CASTLE,NY4430161,IN,INTAKE,ST LAWRENCE,2613418,25,NC,ONT,Lake Ontario,0300ONT0000
189,US COAST GUARD - WELLESLEY ISLAND,NY2230111,IN,ST. LAWRENCE RIVER INTAKE,JEFFERSON,2618704,29,NTNC,ONT,Lake Ontario,0300ONT0000
190,EAST LOUISVILLE WATER DISTRICT,NY4430133,IN,INTAKE-ST LAWRENCE RIVER,ST LAWRENCE,2604903,3235,C,ONT,Lake Ontario,0300ONT0000
191,ROCK ISLAND LIGHTHOUSE STATE PARK,NY2230124,IN,INTAKE FROM ST. LAWRENCE RIVER,JEFFERSON,2629507,25,NC,ONT,Lake Ontario,0300ONT0000
192,CARMEL WD 2,NY3903641,IN,LAKE GLENEIDA,PUTNAM,2571367,5000,C,H-31-P44-23-P67-10-P74,Lake Gleneida,1302GLE0074
193,COXSACKIE CORRECTIONAL FACILITY,NY1902012,IN,INSTITUTION RESERVOIR,GREENE,2571058,2000,C,H-208-6-PN155,Broncks Lake,1301BRO0155
194,COXSACKIE CORRECTIONAL FACILITY,NY1902012,IN,BRONCK'S LAKE,GREENE,2571059,2000,C,H-208-6-PN155,Broncks Lake,1301BRO0155
195,CHESTER VILLAGE,NY3503524,IN,WALTON LAKE,ORANGE,2571303,3448,C,H-89-19-10-P257,Walton Lake,1303WAL0257
196,MIDDLETOWN CITY,NY3503534,IN,MILL POND RESERVOIR,ORANGE,2581891,30000,C,H-139-13-19-P515,Mill Pond,1306MIL0515
197,NEWBURGH CONSOLIDATED WD,NY3503578,IN,CHADWICK LAKE,ORANGE,2571321,23000,C,H-94-P341A,Chadwick Lake,1301CHA0341A
198,MIDDLETOWN CITY,NY3503534,IN,HIGHLAND RESERVOIR,ORANGE,2571311,30000,C,H-139-13-19-28-P491-1-P492,Highland Lake,1306HIG0492
199,COBLESKILL VILLAGE,NY4700094,IN,SURFACE RESERVOIR # 1,SCHOHARIE,2571456,4883,C,H-240-82-63-9-P583,Cobleskill Reservoir,1202COB0583
200,COBLESKILL VILLAGE,NY4700094,IN,SURFACE RESERVOIR # 2,SCHOHARIE,2571457,4883,C,H-240-82-63-9-P583,Cobleskill Reservoir,1202COB0583
201,RICHMONDVILLE VILLAGE,NY4700097,IN,SURFACE RESERVOIR # 1,SCHOHARIE,2571459,918,C,H-240-82-63-25-P599,Unnamed Water,1202UWB0599
202,BETHLEHEM WD NO 1,NY0100191,IN,VLY CREEK IMPOUNDING RESERVOIR,ALBANY,2570796,31000,C,H-221-4-7-PN262A,Vly Creek Reservoir,1301VLY0262A
203,U.S.M.A. - STONEY LONESOME SYS,NY3511338,IN,LONG POND,ORANGE,2571327,4000,C,H-61-P187A,Stillwell Lake,1301STI0187A
204,"U.S.M.A. - TMP AREA """"V""""",NY3530232,IN,STILLWELL LAKE INTAKE,ORANGE,2626466,140,NTNC,H-61-P187A,Stillwell Lake,1301STI0187A
205,NEW WINDSOR CONSOLIDATED WD,NY3503580,IN,BROWN'S POND,ORANGE,2571322,30000,C,H-P225-1-2-P226A,Brown's Pond,1303BRO0226A
206,NEWBURGH CITY,NY3503549,IN,BROWN'S POND,ORANGE,2571314,28000,C,H-P225-1-2-P226A,Brown's Pond,1303BRO0226A
207,NEWBURGH CITY,NY3503549,IN,WASHINGTON LAKE,ORANGE,2571316,28000,C,H-P225,Lake Washington,1303WAS0225
208,TANNERSVILLE VILLAGE,NY1900033,IN,RESERVOIR #3,GREENE,2571053,629,C,H-240-82-147B-1-3-P655D,Tannersville Reservoir,1202TAN0655D
209,LAKE TAGHKANIC STATE PARK,NY1011778,IN,LAKE TAGHKANIC,COLUMBIA,2570901,2500,NC,H-188-18-P869,Lake Taghkanic,1308TAG0869
210,COBLESKILL VILLAGE,NY4700094,IN,SURFACE RESERVOIR # 3,SCHOHARIE,2571455,4883,C,H-240-82-63-9-1-P5453,Holding Pond,1202HOL5453
211,SUEZ WATER NEW YORK,NY4303673,IN,LETCHWORTH INTAKE-IN,ROCKLAND,2617665,270000,C,H-43-1-11-5-P150A,First Reservoir,1301FIR0150A
212,DELANSON VILLAGE WATER WORKS,NY4600064,IN,DUANESBURG RESERVOIR  (UPPER),SCHENECTADY,2571449,428,C,H-221-4-31-PN290,Duanesburg Reservoir,1311DUA0290
213,NYS OFFICE OF CHILDREN & FAMILY SERVICES,NY5503015,IN,CHODIKEE LAKE,ULSTER,2571571,470,C,H-128-P437,Chodikee Lake,1301CHO0437
214,U.S.M.A. - LUSK SYSTEM,NY3511887,IN,"LUSK RESERVOIR, FROM POPOLOPEN BROOK",ORANGE,2575870,8000,C,H-61-P187A-1-P188-2-P191,Popolopen Lake,1301POP0191
215,HERKIMER VILLAGE,NY2102306,IN,SURFACE (GRAVESVILLE RESERVOIR),HERKIMER,2571097,7606,C,H-240-180-55-P798F,Herkimer Reservoir,1203HER0798F
216,SUMMIT LAKE WS,NY3517676,IN,SUMMIT LAKE INTAKE,ORANGE,2571341,900,NC,H-61-P187A-1-P188-2-P191-1-P193,Summit Lake,1301SUM0193
217,KINGSTON (CITY) WATER DISTRICT,NY5503374,IN,RESERVOIR #1,ULSTER,2576464,24000,C,H-171-17-P837,Kingston Rs No 1,1307KIN0837
218,KINGSTON (CITY) WATER DISTRICT,NY5503374,IN,RESERVOIR #4,ULSTER,2576466,24000,C,H-171-17-7-P837A,Kingston Rs No 4,1307KIN0837A
219,NEW PALTZ (VILLAGE) WATER DIST,NY5503379,IN,FRONT RESEVOIR,ULSTER,2611241,6818,C,H-139-13-11-4-1-P6070,Unnamed Water,1306UWB6070
220,FORT PLAIN (V) WATER WORKS,NY2800139,IN,BUDNICK RESERVOIR,MONTGOMERY,2571255,2250,C,H-240-124-P681,Fort Plain Reservoir,1201FOR0681
221,FONDA (V) WATER WORKS,NY2800138,IN,BRIGGS RUN RESERVOIR (SURFACE),MONTGOMERY,2571253,1080,C,H-240-94-3-P678A,Fonda Reservoir,1201FON0678A
222,KINGSTON (CITY) WATER DISTRICT,NY5503374,IN,RESERVOIR #2,ULSTER,2576465,24000,C,H-171-17-P838A,Kingston Rs No 2,1307KIN0838A
223,WARWICK VILLAGE,NY3503561,IN,MISTUCKI BROOK RESERVOIR,ORANGE,2571319,6800,C,H-139-13-61-9-20-P683,Unnamed Water,1306UWB0683
224,FISHERS ISLAND WW CORP,NY5103294,IN,BARLOW POND,SUFFOLK,2571506,2500,C,FI-P1108,Barlow Pond,1702BAR1108
225,STAR LAKE WATER DISTRICT,NY4404398,IN,INTAKE - STAR LAKE,ST LAWRENCE,2571416,1250,C,SL-25-P281,Star Lake,0905STA0281
226,CENTRAL BRIDGE WATER DISTRICT,NY4700093,IN,SURFACE RESERVOIR # 1,SCHOHARIE,2571453,593,C,H-240-82-63-1-1-P579,Unnamed Water,1202UWB0579
227,ILION (V) WATER WORKS,NY2102307,IN,CLAPSADDLE CR RES #3(FERNCLIFF),HERKIMER,2571105,8053,C,H-240-187-1-P940A,Unnamed Water,1201UWB0940A
228,SHARON SPRINGS VILLAGE,NY4700099,IN,SURFACE RESERVOIR # 1,SCHOHARIE,2571463,558,C,H-240-82-63-13-9-P589,Engleville Pond,1202ENG0589
229,CENTRAL BRIDGE WATER DISTRICT,NY4700093,IN,SURFACE RESERVOIR # 2,SCHOHARIE,2571454,593,C,H-240-82-63-1-P579A,Unnamed Water,1202UWB0579A
230,GLOVERSVILLE (C) WATER WORKS,NY1700018,IN,PORT CREEK RESERVOIR,FULTON,2571015,17991,C,H-369-P127-33-3-1-P152E,Port Reservoir,1104POR0152E
231,DOLGEVILLE (V) PWS,NY2102299,IN,SURFACE (COLD BROOK),HERKIMER,2571094,2166,C,H-240-144-10-P709,Dolgeville Reservoir,1201DOL0709
232,LITTLE FALLS CITY,NY2102308,IN,SPRUCE LAKE IMPOUNDING RESERVOIR,HERKIMER,2571107,4946,C,H-240-P706B,Unnamed Water,1201UWB0706B
233,AMSTERDAM (C),NY2800136,IN,ROUND LAKE,MONTGOMERY,2571241,20700,C,H-369-P127-21-6-P137,Round Lake,1104ROU0137
234,JOHNSTOWN (C) WATER WORKS,NY1700019,IN,HYDADDY RESERVOIR,FULTON,2571025,8743,C,H-240-89-8-P664,Cork Center Reservoir,1201COR0664
235,AKRON VILLAGE,NY1400397,IN,RESERVOIR AKRON,ERIE,2570931,3100,C,ONT-158-12-11-1-13-P13,Akron Reservoir,0102AKR0013
236,GLOVERSVILLE (C) WATER WORKS,NY1700018,IN,JACKSON SUMMIT RESERVOIR,FULTON,2571016,17991,C,H-369-P127-33-1-P151,Jackson Summit Reservoir,1104JAC0151
237,JOHNSTOWN (C) WATER WORKS,NY1700019,IN,CHRISTMAN RESERVOIR,FULTON,2571022,8743,C,H-240-89-10-2-1-P670,Cold Brook Reservoir,1201COL0670
238,ONEIDA CITY,NY2602381,IN,GLENMORE RESERVOIR,MADISON,2592855,11393,C,ONT-66-11-P26-24-14-4-P73,Oneida City Reservoir,0703ONE0073
239,AMSTERDAM (C),NY2800136,IN,GLEN WILD INTAKE POND,MONTGOMERY,2571240,20700,C,H-369-P127-21-P134D,Unnamed Water,1104UWB0134D
240,GLOVERSVILLE (C) WATER WORKS,NY1700018,IN,RICE RESERVOIR,FULTON,2571017,17991,C,H-369-P127-33-3-1-P152D,Rice Reservoir,1104RIC0152D
241,TUPPER LAKE V,NY1600012,IN,LITTLE SIMON POND INTAKE,FRANKLIN,2570996,5500,C,SL-1-P180-4-P182,Little Simon Pond,0903LSI0182
242,GLOVERSVILLE (C) WATER WORKS,NY1700018,IN,CAMERON RESERVOIR,FULTON,2571020,17991,C,H-369-P127-33-1-P152,Cameron Reservoir,1104CAM0152
243,HORNELL CITY,NY5001215,IN,RESERVOIR #2,STEUBEN,2571487,8590,C,PA-3-57-5-49-7-P36,Hornell Rs No 2,0503HOR0036
244,FOREST LAKE CAMP,NY5612692,IN,INTAKE FROM FOREST LAKE,WARREN,2597313,263,NP,H-391-14-1-P340,Forest Lake,1104FOR0340
245,TICONDEROGA WD,NY1500293,IN,GOOSENECK POND INTAKE,ESSEX,2570954,3700,C,H-391-39-1-P438-4-P442,Gooseneck Pond,1104GOO0442
246,NORWICH CITY,NY0801745,IN,CHENANGO LAKE,CHENANGO,2574587,8000,C,SR-146-19-6-1-P213,Chenango Lake,0601CHE0213
247,ONEONTA CITY,NY3800154,IN,LOWER RESERVOIR,OTSEGO,2571355,15779,C,SR-179-P295,Lower Reservoir,0601LOW0295
248,RICHFIELD SPRINGS VILLAGE,NY3800156,IN,ALLEN LAKE,OTSEGO,2571356,1200,C,SR-P404-9-P405,Allen Lake,0601ALL0405
249,MASSENA VILLAGE,NY4404390,IN,SURFACE-ST LAWRENCE RIVER,ST LAWRENCE,2571411,16729,C,SL-P5150,Lake St Lawrence,0901STL5150
250,CANAJOHARIE (V) WATER WORKS,NY2800137,IN,SPRING POND,MONTGOMERY,2589357,2300,C,<Null>,SPRING POND,1201SPRXXX1
251,RICHMONDVILLE VILLAGE,NY4700097,IN,SURFACE RESERVOIR # 2,SCHOHARIE,2571460,918,C,H-240-82-63-25-P599,Unnamed Water,1202UWB0599
252,FLORIDA VILLAGE,NY3503527,IN,GLENMERE LAKE,ORANGE,2571305,2884,C,H-139-13-59-P668,Glenmere Lake,1306GLE0668
253,ANTLERS AT DIAMOND POINT,NY5621608,IN,SURFACE-LAKE GEORGE,WARREN,2571985,125,C,C-101-P367,Lake George,1006GEO0367
254,LOURDES CAMP INC,NY3302017,IN,INTAKE 1,ONONDAGA,2623157,295,NP,ONT-66-12-29-P193,Skaneateles Lake,0707SKA0193
255,LOURDES CAMP INC,NY3302017,IN,INTAKE 2,ONONDAGA,2623158,295,NP,ONT-66-12-29-P193,Skaneateles Lake,0707SKA0193
256,SHARON SPRINGS VILLAGE,NY4700099,IN,SURFACE RESERVOIR # 2,SCHOHARIE,2571462,558,C,H-240-82-63-13-13-P589A,Unnamed Water,1202UWB0589A
257,CRATER CLUB WATER SUPPLY,NY1512226,IN,LAKE CHAMPLAIN,ESSEX,2570983,132,NC,C-P1,Lake Champlain,1000CHA0001
258,ONEONTA CITY,NY3800154,IN,WILBER LAKE,OTSEGO,2571354,15779,C,SR-179-P297,Wilber Lake,0601WIL0297
259,BLUE WATER BEACH,NY0611671,IN,INFILTRATION GALLERY,CHAUTAUQUA,2570849,500,NC,E-P5000,Lake Erie,0100ERI5000
260,LAKE TIORATI WS,NY3517682,IN,LAKE TIORATI,ORANGE,2571342,999,NC,H-43-P152,Lake Tiorati,1301TIO0152
261,ATTICA VILLAGE,NY6000607,IN,RESERVOIR TWO INTAKE,WYOMING,2617640,2659,C,ONT-158-12-46-P20,Attica Reservoir,0102ATT0020
262,LONG POINT STATE PARK - JEFFERSON CTY,NY2211795,IN,SURFACE INTAKE-LAKE ONTARIO,JEFFERSON,2571177,360,NC,ONT,Lake Ontario,0300ONT0000
263,CAMP BUCKNER-NATURAL BRIDGE,NY3511339,IN,POPOLOPEN LAKE,ORANGE,2571328,3000,NC,H-61-P187A-1-P188-2-P191,Popolopen Lake,1301POP0191
264,GLEN MOTOR INN,NY4814162,IN,INTAKE,SCHUYLER,2571465,25,NC,ONT-66-12-P369,Seneca Lake,0705SEN0369
265,TANNERSVILLE VILLAGE,NY1900033,IN,RESERVOIR #1,GREENE,2571055,629,C,H-240-82-147B-1-P655B,Tannersville Reservoir,1202TAN0655B
266,PEEKSKILL CITY,NY5903452,IN,CAMPFIELD RESERVOIR,WESTCHESTER,2602323,24272,C,H-55-P163A,Camp Field Reservoir,1301CAM0163A
267,SNUG HARBOR,NY5006019,IN,INTAKE,STEUBEN,2571492,25,NC,ONT-66-12-P369-115-P388,Keuka Lake,0705KEU0388
268,TANNERSVILLE VILLAGE,NY1900033,IN,RESERVOIR #2,GREENE,2571054,629,C,H-240-82-147B-1-3-P655A,Tannersville Reservoir,1202TAN0655A
269,CANNON POINT CONDOMINIUMS,NY5605392,IN,LAKE GEORGE,WARREN,2571914,275,C,C-101-P367,Lake George,1006GEO0367
270,ITHACA CITY,NY5404416,IN,SIX MILE CREEK RESERVOIR AT 60 FT. DAM,TOMPKINS,2571553,29457,C,ONT-66-12-P296-75-5-P340A,Unnamed Water,0705UWB0340A
271,GUILDERLAND TOWN WD,NY0100205,IN,WATERVLIET RESERVOIR,ALBANY,2570802,30000,C,H-221-4-PN270,Watervliet Reservoir,1311WAT0270
272,GUFFIN BAY RESORT & MARINA,NY2219170,IN,LAKE ONTARIO-SHORE WELL,JEFFERSON,2571205,60,NC,ONT,Lake Ontario,0300ONT0000
273,ASSOCIATION ISLAND R.V. RESORT &MARINA,NY2230097,IN,INTAKE,JEFFERSON,2603754,307,NC,ONT,Lake Ontario,0300ONT0000
274,HIGHLAND WATER DISTRICT,NY5503368,IN,UPLAND RESERVOIRS,ULSTER,2571586,4000,C,H-116-1-2A-P438P,Unnamed Water,1301UWB0438P
275,MARIAVILLE LAKESIDE COUNTRY STORE,NY4630021,IN,MARIAVILLE LAKE,SCHENECTADY,2575866,25,NC,H-240-P570,Mariaville Lake,1201MAR0570
276,WHITEHALL VILLAGE,NY5700124,IN,PINE LAKE,WASHINGTON,2571998,2800,C,C-119-P398,Pine Lake,1005PIN0398
277,MARLBOROUGH WATER DISTRICT,NY5503377,IN,RESERVOIR,ULSTER,2571591,3248,C,H-103-6-P413,Unnamed Water,1301UWB0413
278,ROSENDALE WATER DISTRICT,NY5503383,IN,STILL POND,ULSTER,2571600,2200,C,H-P6000,Unnamed Water,1306UWB6000
279,JOHN BOYD THATCHER STATE PARK,NY0118342,IN,THOMPSON LAKE INTAKE,ALBANY,2570806,100,NC,H-PN274,Thompsons Lake,1311THO0274
280,HORNELL CITY,NY5001215,IN,RESERVOIR #3,STEUBEN,2571486,8590,C,PA-3-57-5-49-P35,Hornell Rs No 3,0503HOR0035
281,BEAR MOUNTAIN WATER SUPPLY,NY4317681,IN,QUEENSBORO LAKE INTAKE,ROCKLAND,2571398,3564,C,H-61-2-P184A,Queensboro Lake,1301QUE0184A
282,JOHNSTOWN (C) WATER WORKS,NY1700019,IN,CORK CENTER INTAKE RES.,FULTON,2571026,8743,C,H-240-89-8-P662,Unnamed Water,1201UWB0662
283,"US SALT, LLC",NY4811938,IN,SENECA LAKE INTAKE,SCHUYLER,2608589,130,NTNC,ONT-66-12-P369,Seneca Lake,0705SEN0369
284,BLUE WATER MANOR,NY5618139,IN,LAKE GEORGE,WARREN,2571976,350,NC,C-101-P367,Lake George,1006GEO0367
285,FORT EDWARD VILLAGE,NY5700119,IN,DORITY RESERVOIR (PRIMARY SOURCE),WASHINGTON,2571994,3300,C,H-318-1-3-P98,Dority Reservoir,1101DOR0098
286,MARY ISLAND STATE PARK,NY2211796,IN,ST. LAWRENCE RIVER-SURFACE INTAKE,JEFFERSON,2571178,50,NC,ONT,Lake Ontario,0300ONT0000
287,LITTLE FALLS CITY,NY2102308,IN,BEAVER CREEK RESERVOIR,HERKIMER,2571111,4946,C,H-240-144-9-5-P706,Unnamed Water,1201UWB0706
288,DANSVILLE VILLAGE,NY2501015,IN,2 MIL GAL. SEDIMENTATION INTAKE,LIVINGSTON,2571221,8900,C,ONT-117-66-22-1-P92F,Dansville storage reservo,0404DAN0092F
289,GUILFORD WATER DISTRICT,NY0801742,IN,GUILFORD LAKE,CHENANGO,2570862,350,C,SR-146-1-P188,Guilford Lake,0601GUI0188
290,POCANTICO HILLS WATER DISTRICT,NY5903472,IN,POCANTICO LAKES (4),WESTCHESTER,2572023,329,C,H-20-2-P28C,Fergusons Lake,1301FER0028C
291,MIDDLETOWN CITY,NY3503534,IN,MONHAGEN RESERVOIR,ORANGE,2571310,30000,C,H-139-13-52-P598,Monhagen Lake,1306MON0598
292,NEW YORK CITY SYSTEM,NY7003493,IN,WEST BRANCH RESERVOIR DEL10,NEW YORK ( BOROUGH),2624830,8271000,C,H-31-P44-23-P67,West Branch Reservoir,1302WES0067
293,MOUNT KISCO WATER DEPARTMENT,NY5903437,IN,BYRAM LAKE,WESTCHESTER,2572017,9600,C,LIS-13-P1106,Bryam Lake Reservoir,1702BRY1106
294,BIRCH HAVEN CAMPGROUND,NY2208811,IN,SURFACE INTAKE-ST. LAWRENCE RIVER,JEFFERSON,2571156,200,NC,ONT,Lake Ontario,0300ONT0000
295,KRING POINT STATE PARK,NY2211794,IN,INTAKE,JEFFERSON,2571176,600,NC,ONT,Lake Ontario,0300ONT0000
296,INDIAN KILL,NY3503592,IN,INDIAN KILL RESERVOIR,ORANGE,2571324,1000,C,NJ-12-16-P1007A,Unnamed Water,1501UWB1007A
297,BREWSTER HEIGHTS,NY3905680,IN,"MIDDLE BRANCH RES, NYC CROTON SYS",PUTNAM,2571374,698,C,H-31-P44-23-P59-6-P62,Middle Branch Reservoir,1302MID0062
298,STAMFORD VILLAGE,NY1200272,IN,TRAVIS POND EMERGENCY,DELAWARE,2570909,1280,C,D-71-P453-2-P461-2-P462A,Blazer Pond,1404BLA0462A
299,SOUTHWICK BEACH STATE PARK,NY2211797,IN,INTAKE,JEFFERSON,2600987,520,NC,ONT,Lake Ontario,0300ONT0000
300,STAMFORD VILLAGE,NY1200272,IN,BLAZER POND EMERGENCY,DELAWARE,2570910,1280,C,D-71-P453-2-P461-2-P462A,Blazer Pond,1404BLA0462A
301,SAUGERTIES (VILLAGE) WATER DIS,NY5503386,IN,BLUE MOUNTAIN RESEVOIR,ULSTER,2571602,4100,C,H-171-11-P834,Saugerties Reservoir,1307SAU0834
302,CENTRAL BRIDGE WATER DISTRICT,NY4700093,IN,INTAKE # 3,SCHOHARIE,2620278,593,C,H-240-82-63-1-P579A,Unnamed Water,1202UWB0579A
303,LAGOON MANOR HOMEOWNERS ASSOCIATION,NY5622708,IN,LAKE GEORGE (INTAKE 250' LONG),WARREN,2571988,180,C,C-101-P367,Lake George,1006GEO0367
304,TANNERSVILLE VILLAGE,NY1900033,IN,BLENDED RAW SOURCES,GREENE,2634301,629,C,H-240-82-147B-1-3-P655A,Tannersville Reservoir,1202TAN0655A
305,MIDDLETOWN CITY,NY3503534,IN,KINCH RESERVOIR,ORANGE,2571309,30000,C,H-139-13-19-P515,Mill Pond,1306MIL0515
306,JOHNSTOWN (C) WATER WORKS,NY1700019,IN,SYLVAN FALLS,FULTON,2571024,8743,C,H-240-89-10-2-1-P670,Cold Brook Reservoir,1201COL0670
307,MCWA,NY2701047,IN,WEBSTER INTAKE,MONROE,2630346,496753,C,ONT,Lake Ontario,0300ONT0000
308,NEW PALTZ (VILLAGE) WATER DIST,NY5503379,IN,UPLAND RESERVOIRS,ULSTER,2571594,6818,C,H-139-13-11-4-1-P6070,Unnamed Water,1306UWB6070
309,CAHOON FARMS PROCESSING PLANT,NY5822366,RS,11MG RESERVOIR,WAYNE,2629744,100,NTNC,<Null>,Unnamed Water,0302RESXXX1
310,HAGUE COMMUNITY HOMEOWNERS ASSOCIATION,NY5600105,RS,"22,000 GAL SM UPPER SPRING FED RESERVOIR",WARREN,2573369,20,NP,C-101-P367,Lake George,1006GEO0367
311,HAGUE COMMUNITY HOMEOWNERS ASSOCIATION,NY5600105,RS,"250,000 GAL UPPER  RESERVOIR- AUX",WARREN,2573370,20,NP,C-101-P367,Lake George,1006GEO0367
312,CORNWALL-ON-HUDSON,NY3503526,RS,ALECK MEADOW RESERVOIR,ORANGE,2621134,9700,C,H-88-4-P222D,Aleck Meadow Reservoir,1303ALE0222D
313,RIPLEY WATER DISTRICT,NY0600372,RS,ALFORD RESERVOIR-20 MG,CHAUTAUQUA,2612993,1300,C,E-P166M,Unnamed Water,0105UWB0166M
314,NEW YORK CITY SYSTEM,NY7003493,RS,AMAWALK RESERVOIR,NEW YORK ( BOROUGH),2624854,8944598,C,H-31-P44-14-P50,Amawalk Reservoir,1302AMA0050
315,NEW YORK CITY SYSTEM,NY7003493,RS,BOG BROOK RESERVOIR,NEW YORK ( BOROUGH),2624857,8944598,C,H-31-P44-24-9-P86,Bog Brook Reservoir,1302BOG0086
316,NEW YORK CITY SYSTEM,NY7003493,RS,CANNONSVILLE RESERVOIR (96726 MG) CR1,NEW YORK ( BOROUGH),2624812,8944598,C,D-71-P402A,Cannonsville Reservoir,1404CAN0402A
317,BEACON CITY,NY1302760,RS,CARGILL RESERVOIR,DUTCHESS,2575725,21080,C,H-95-5-3-P345A,Beacon Reservoir,1304BEA0345A
318,ROCHESTER CITY,NY2704518,RS,COBBS HILL RESERVOIR (UNCOVERED- 144 MG),MONROE,2575790,228032,C,ONT-P118,Cobbs Hill Reservoir,0302COB0118
319,NEW YORK CITY SYSTEM,NY7003493,RS,CROSS RIVER RESERVOIR (10300 MG),NEW YORK ( BOROUGH),2624863,8944598,C,H-31-P44-35-P109,Cross River Reservoir,1302CRO0109
320,NEW YORK CITY SYSTEM,NY7003493,RS,CROTON FALLS (29895 MG),NEW YORK ( BOROUGH),2624861,8944598,C,H-31-P44-23-P59,Croton Falls Reservoir,1302CRO0059
321,NEW YORK CITY SYSTEM,NY7003493,RS,CROTON FALLS DIVERTING BASIN,NEW YORK ( BOROUGH),2624856,8944598,C,H-31-P44-24-P83,Diverting Reservoir,1302DIV0083
322,MCWA,NY2701047,RS,DENISE RESERVOIR (55 MG),MONROE,2576105,805576,C,ONT-P5258,Unnamed Water,0302UWB5258
323,NEW YORK CITY SYSTEM,NY7003493,RS,EAST BRANCH RESERVOIR,NEW YORK ( BOROUGH),2624865,8944598,C,H-31-P44-24-P89,East Branch Reservoir,1302EAS0089
324,AUBURN,NY0501710,RS,FRANKLIN STREET RESERVOIR,CAYUGA,2626255,30938,C,,,
325,CORNWALL-ON-HUDSON,NY3503526,RS,GIBSON (UPPER)  RESERVOIR,ORANGE,2621135,9700,C,H-88-P223,Upper Reservoir,1303UPP0223
326,ROCHESTER CITY,NY2704518,RS,HIGHLAND RESERVOIR (UNCOVERED - 26 MG),MONROE,2575789,228032,C,ONT-117-P8,Unnamed Water,0302UWB0008
327,NEW YORK CITY SYSTEM,NY7003493,RS,HILL RESERVOIR (900MG),NEW YORK ( BOROUGH),2624831,8944598,C,ER-3-P1052,Hillview Reservoir,1702HIL1052
328,NEW YORK CITY SYSTEM,NY7003493,RS,JEROME PARK RESERVOIR (820MG),NEW YORK ( BOROUGH),2624867,8944598,C,ER-1-5-P1042,Jerome Park Reservoir,1301JER1042
329,NEW YORK CITY SYSTEM,NY7003493,RS,KENSICO RESERVOIR (30573 MG) DEL17,NEW YORK ( BOROUGH),2624820,8944598,C,ER-3-P1063,Kensico Reservoir,1702KEN1063
330,NEW YORK CITY SYSTEM,NY7003493,RS,LAKE GILEAD,NEW YORK ( BOROUGH),2624859,8944598,C,H-31-P44-23-P59-3-P61,Lake Gilead,1302GIL0061
331,NEW YORK CITY SYSTEM,NY7003493,RS,LAKE GLENEIDA (200 MG),NEW YORK ( BOROUGH),2624862,8944598,C,H-31-P44-23-P67-10-P74,Lake Gleneida,1302GLE0074
332,NEW YORK CITY SYSTEM,NY7003493,RS,LAKE KIRK,NEW YORK ( BOROUGH),2624860,8944598,C,H-31-P44-14-7-P52,Kirk Lake,1302KIR0052
333,RICHFIELD SPRINGS VILLAGE,NY3800156,RS,LOWER RESERVOIRS,OTSEGO,2576756,1200,C,SR-P395,Unnamed Water,0601UWB0395
334,BEACON CITY,NY1302760,RS,MELZINGAH RESERVOIR,DUTCHESS,2575727,21080,C,H-92-P331,Melzingah Reservoir,1301MEL0331
335,MCWA,NY2701047,RS,MENDON RESERVOIR (5.3 MG),MONROE,2576119,805576,C,<Null>,MENDON RESERVOIR,0302MENXXX1
336,NEW YORK CITY SYSTEM,NY7003493,RS,MIDDLE BRANCH RESERVOIR,NEW YORK ( BOROUGH),2624858,8944598,C,H-31-P44-23-P59-6-P62,Middle Branch Reservoir,1302MID0062
337,BEACON CITY,NY1302760,RS,MT BEACON RESERVOIR,DUTCHESS,2575726,21080,C,,,
338,NEW YORK CITY SYSTEM,NY7003493,RS,MUSCOOT RESERVOIR,NEW YORK ( BOROUGH),2624855,8944598,C,H-31-P44,New Croton Reservoir,1302NEW0044
339,NEW YORK CITY SYSTEM,NY7003493,RS,NEVERSINK RESERVOIR (35466 MG),NEW YORK ( BOROUGH),2624814,8944598,C,D-1-P58B,Neversink Reservoir,1402NEV0058B
340,NEW YORK CITY SYSTEM,NY7003493,RS,PEPACTON RESERVOIR (143701 MG),NEW YORK ( BOROUGH),2624813,8944598,C,D-70-P358A,Pepacton Reservoir,1403PEP0358A
341,"OLIVET MANAGEMENT, LLC",NY1316987,RS,RESERVOIR,DUTCHESS,2613061,79,C,CT-15-4-6-P1117A,Unnamed Water,1601UWB1117A
342,NUNDA VILLAGE,NY2501024,RS,RESERVOIR,LIVINGSTON,2613976,1600,C,ONT-117-66-3-25-P84A,Nunda Reservoir,0404NUN0084A
343,ATTICA VILLAGE,NY6000607,RS,"RESERVOIR #3, 500 MG, FEEDS RES #2",WYOMING,2613990,7044,C,ONT-158-12-46-P20,Attica Reservoir,0102ATT0020
344,SCHUYLERVILLE-VICTORY JWC,NY4500169,RS,RESERVOIR SOURCE (EMERGENCY),SARATOGA,2589196,2200,C,,,
345,ROCHESTER CITY,NY2704518,RS,RUSH RESERVOIR (COVERED - 63 MG),MONROE,2575787,228032,C,ONT-117-P33,Rush Reservoir,0402RUS0033
346,NEW YORK CITY SYSTEM,NY7003493,RS,SCHOHARIE RESERVOIR (19583 MG),NEW YORK ( BOROUGH),2624815,8944598,C,H-240-82-P638A,Schoharie Reservoir,1202SCH0638A
347,MVWA - MOHAWK VALLEY WATER AUTHORITY,NY3202411,RS,SOURCE - HINCKLEY RESERVOIR,ONEIDA,2582332,129372,C,H-240-180-P799,Hinckley Reservoir,1203HIN0799
348,CANAJOHARIE (V) WATER WORKS,NY2800137,RS,SPRITE CREEK RESERVOIR,MONTGOMERY,2575545,2300,C,<Null>,SPRING POND,1201SPRXXX1
349,"U.S.M.A. - TMP AREA """"V""""",NY3530232,RS,STILLWELL LAKE,ORANGE,2626425,140,NTNC,H-61-P187A,Stillwell Lake,1301STI0187A
350,NEW YORK CITY SYSTEM,NY7003493,RS,TITICUS RESERVOIR,NEW YORK ( BOROUGH),2624864,8944598,C,H-31-P44-26-P103,Titicus Reservoir,1302TIT0103
351,NEW YORK CITY SYSTEM,NY7003493,RS,WEST BRANCH RESERVOIR DEL9,NEW YORK ( BOROUGH),2624818,8944598,C,H-31-P44-23-P67,West Branch Reservoir,1302WES0067
352,PEEKSKILL CITY,NY5903452,RS,WICCOPEE RESERVOIR,WESTCHESTER,2602321,54841,C,H-55-17-P183A,Wiccopee Reservoir,1301WIC0183A
